"id","batch","time","date","worker_assign","officer_assign","created_at","updated_at"
"40","SPBB Day1","5:00 pm","April 6, 2018","1","1",NULL,NULL
"45","SPBB Day 2","5:00 pm","April 7, 2018","1","1",NULL,NULL
"46","SPBB Day 3","5:00 pm","April 8, 2018","1","1",NULL,NULL
"47","PRAYER MEETING","4:30 AM","April 11, 2018","1","1",NULL,NULL
"48","PRAYER MEETING","6:30 AM","April 11, 2018","1","1",NULL,NULL
"49","PRAYER MEETING","8:30 AM","April 11, 2018","1","1",NULL,NULL
"50","PRAYER MEETING","12:30 PM","April 11, 2018","1","1",NULL,NULL
"51","PRAYER MEETING","2:30 PM","April 11, 2018","1","1",NULL,NULL
"52","PRAYER MEETING","5:30 PM","April 11, 2018","1","1",NULL,NULL
"53","PRAYER MEETING","7:30 PM","April 11, 2018","1","1",NULL,NULL
"54","PRAYER MEETING","9:30 PM","April 11, 2018","1","1",NULL,NULL
"55","PRAYER MEETING","11:30 PM","April 11, 2018","1","1",NULL,NULL
"56","PRAYER MEETING","4:30 AM","April 12, 2018","1","1",NULL,NULL
"57","PRAYER MEETING","6:30 AM","April 12, 2018","1","1",NULL,NULL
"58","PRAYER MEETING","8:30 AM","April 12, 2018","1","1",NULL,NULL
"59","PRAYER MEETING","5:30 PM","April 12, 2018","1","1",NULL,NULL
"60","PRAYER MEETING","7:30 PM","April 12, 2018","1","1",NULL,NULL
"61","WORSHIP SERVICE","4:30 AM","April 14, 2018","1","1",NULL,NULL
"62","WORSHIP SERVICE","6:30 AM","April 14, 2018","1","1",NULL,NULL
"63","WORSHIP SERVICE","8:30 AM","April 14, 2018","1","1",NULL,NULL
"64","WORSHIP SERVICE","5:30 PM","April 14, 2018","1","1",NULL,NULL
"65","WORSHIP SERVICE","7:30 PM","April 14, 2018","1","1",NULL,NULL
"66","WORSHIP SERVICE","2:30 PM","April 15, 2018","1","1",NULL,NULL
"67","THANKSGIVING","6:00 AM","April 15, 2018","1","1",NULL,NULL
"68","PRAYER MEETING","4:3O AM","April 18, 2018","1","1",NULL,NULL
"69","PRAYER MEETING","6:3O AM","April 18, 2018","1","1",NULL,NULL
"70","PRAYER MEETING","8:3O AM","April 18, 2018","1","1",NULL,NULL
"72","PRAYER MEETING","7:3O PM","April 18, 2018","1","1",NULL,NULL
"73","PRAYER MEETING","5:3O PM","April 18, 2018","1","1",NULL,NULL
"74","PRAYER MEETING","4:30 AM","April 19, 2018","1","1",NULL,NULL
"75","PRAYER MEETING","6:30 AM","April 19, 2018","1","1",NULL,NULL
"76","PRAYER MEETING","8:30 AM","April 19, 2018","1","1",NULL,NULL
"77","PRAYER MEETING","5:30 PM","April 19, 2018","1","1",NULL,NULL
"78","PRAYER MEETING","7:30 PM","April 19, 2018","1","1",NULL,NULL
"79","WORSHIP SERVICE","4:30 AM","April 21, 2018","1","1",NULL,NULL
"80","WORSHIP SERVICE","6:30 AM","April 21, 2018","1","1",NULL,NULL
"81","WORSHIP SERVICE","8:30 AM","April 21, 2018","1","1",NULL,NULL
"82","WORSHIP SERVICE","10:30 AM","April 21, 2018","1","1",NULL,NULL
"85","WORSHIP SERVICE","12:30 PM","April 21, 2018","1","1",NULL,NULL
"86","WORSHIP SERVICE","2:30 PM","April 21, 2018","1","1",NULL,NULL
"87","WORSHIP SERVICE","5:30 PM","April 21, 2018","1","1",NULL,NULL
"88","WORSHIP SERVICE","7:30 PM","April 21, 2018","1","1",NULL,NULL
"89","WORSHIP SERVICE","9:30 PM","April 21, 2018","1","1",NULL,NULL
"90","WORSHIP SERVICE","11:30 PM","April 21, 2018","1","1",NULL,NULL
"91","THANKSGIVING","6:00 AM","April 22, 2018","1","1",NULL,NULL
"92","THANKSGIVING","5:30 PM","April 22, 2018","1","1",NULL,NULL
"93","WORSHIP SERVICE","2:30 PM","April 22, 2018","1","1",NULL,NULL
"94","PRAYER MEETING","4:30 AM","April 25, 2018","1","1",NULL,NULL
"95","PRAYER MEETING","6:30 AM","April 25, 2018","1","1",NULL,NULL
"96","PRAYER MEETING","8:30 AM","April 25, 2018","1","1",NULL,NULL
"97","PRAYER MEETING","10:30 AM","April 25, 2018","1","1",NULL,NULL
"98","PRAYER MEETING","5:30 PM","April 25, 2018","1","1",NULL,NULL
"99","PRAYER MEETING","7:30 PM","April 25, 2018","1","1",NULL,NULL
"100","PRAYER MEETING","9:30 PM","April 25, 2018","1","1",NULL,NULL
"101","PRAYER MEETING","4:30 AM","April 26, 2018","1","1",NULL,NULL
"102","PRAYER MEETING","6:30 AM","April 26, 2018","1","1",NULL,NULL
"103","PRAYER MEETING","8:30 AM","April 26, 2018","1","1",NULL,NULL
"104","PRAYER MEETING","10:30 AM","April 26, 2018","1","1",NULL,NULL
"105","PRAYER MEETING","5:30 PM","April 26, 2018","1","1",NULL,NULL
"106","PRAYER MEETING","7:30 PM","April 26, 2018","1","1",NULL,NULL
"107","PRAYER MEETING","9:30 PM","April 26, 2018","1","1",NULL,NULL
"108","WORSHIP SERVICE","4:30 AM","April 28, 2018","1","1",NULL,NULL
"109","WORSHIP SERVICE","6:30 AM","April 28, 2018","1","1",NULL,NULL
"110","WORSHIP SERVICE","8:30 AM","April 28, 2018","1","1",NULL,NULL
"111","WORSHIP SERVICE","10:30 AM","April 28, 2018","1","1",NULL,NULL
"112","WORSHIP SERVICE","12:30 PM","April 28, 2018","1","1",NULL,NULL
"113","WORSHIP SERVICE","2:30 PM","April 28, 2018","1","1",NULL,NULL
"114","WORSHIP SERVICE","5:30 PM","April 28, 2018","1","1",NULL,NULL
"115","WORSHIP SERVICE","7:30 PM","April 28, 2018","1","1",NULL,NULL
"116","WORSHIP SERVICE","9:30 PM","April 28, 2018","1","1",NULL,NULL
"117","WORSHIP SERVICE","11:30 PM","April 28, 2018","1","1",NULL,NULL
"118","WORSHIP SERVICE","4:30 AM","April 29, 2018","1","1",NULL,NULL
"119","WORSHIP SERVICE","6:30 AM","April 29, 2018","1","1",NULL,NULL
"120","WORSHIP SERVICE","8:30 AM","April 29, 2018","1","1",NULL,NULL
"121","WORSHIP SERVICE","10:30 AM","April 29, 2018","1","1",NULL,NULL
"123","WORSHIP SERVICE","12:30 PM","April 29, 2018","1","1",NULL,NULL
"124","WORSHIP SERVICE","2:30 PM","April 29, 2018","1","1",NULL,NULL
"125","THANKSGIVING","5:00 PM","April 29, 2018","1","1",NULL,NULL
"126","SPECIAL PRAYER MEETING","5:30 PM","May 1, 2018","1","1",NULL,NULL
"127","SPECIAL PRAYER MEETING","4:30 AM","May 2, 2018","1","1",NULL,NULL
"128","SPECIAL PRAYER MEETING","7:30 AM","May 2, 2018","1","1",NULL,NULL
"129","SPECIAL PRAYER MEETING","10:30 AM","May 2, 2018","1","1",NULL,NULL
"130","SPECIAL PRAYER MEETING","1:30 PM","May 2, 2018","1","1",NULL,NULL
"131","SPECIAL PRAYER MEETING","5:30 PM","May 2, 2018","1","1",NULL,NULL
"132","SPECIAL PRAYER MEETING","8:30 PM","May 2, 2018","1","1",NULL,NULL
"133","SPECIAL PRAYER MEETING","11:30 PM","May 2, 2018","1","1",NULL,NULL
"134","SPECIAL PRAYER MEETING","4:30 AM","May 3, 2018","1","1",NULL,NULL
"135","SPECIAL PRAYER MEETING","7:30 AM","May 3, 2018","1","1",NULL,NULL
"136","SPECIAL PRAYER MEETING","10:30 AM","May 3, 2018","1","1",NULL,NULL
"137","SPECIAL PRAYER MEETING","1:30 PM","May 3, 2018","1","1",NULL,NULL
"138","SPECIAL PRAYER MEETING","5:30 PM","May 3, 2018","1","1",NULL,NULL
"139","SPECIAL PRAYER MEETING","8:30 PM","May 3, 2018","1","1",NULL,NULL
"140","SPECIAL PRAYER MEETING","11:30 PM","May 3, 2018","1","1",NULL,NULL
"141","WORSHIP SERVICE","4:30 AM","May 5, 2018","1","1",NULL,NULL
"142","WORSHIP SERVICE","6:30 AM","May 5, 2018","1","1",NULL,NULL
"143","WORSHIP SERVICE","8:30 AM","May 5, 2018","1","1",NULL,NULL
"144","WORSHIP SERVICE","10:30 AM","May 5, 2018","1","1",NULL,NULL
"145","WORSHIP SERVICE","12:30 PM","May 5, 2018","1","1",NULL,NULL
"146","WORSHIP SERVICE","2:30 PM","May 5, 2018","1","1",NULL,NULL
"147","WORSHIP SERVICE","5:30 PM","May 5, 2018","1","1",NULL,NULL
"148","WORSHIP SERVICE","7:30 PM","May 5, 2018","1","1",NULL,NULL
"149","WORSHIP SERVICE","9:30 PM","May 5, 2018","1","1",NULL,NULL
"150","WORSHIP SERVICE","11:30 PM","May 5, 2018","1","1",NULL,NULL
"151","THANKSGIVING","6:00 AM","May 6, 2018","1","1",NULL,NULL
"152","WORSHIP SERVICE","2:30 PM","May 6, 2018","1","1",NULL,NULL
"153","THANKSGIVING","5:00 PM","May 6, 2018","1","1",NULL,NULL
"154","PRAYER MEETING","4:30 AM","May 9, 2018","1","1",NULL,NULL
"155","PRAYER MEETING","6:30 AM","May 9, 2018","1","1",NULL,NULL
"156","PRAYER MEETING","8:30 AM","May 9, 2018","1","1",NULL,NULL
"157","PRAYER MEETING","10:30 AM","May 9, 2018","1","1",NULL,NULL
"158","PRAYER MEETING","12:30 PM","May 9, 2018","1","1",NULL,NULL
"159","PRAYER MEETING","2:30 PM","May 9, 2018","1","1",NULL,NULL
"160","PRAYER MEETING","5:30 PM","May 9, 2018","1","1",NULL,NULL
"161","PRAYER MEETING","7:30 PM","May 9, 2018","1","1",NULL,NULL
"162","PRAYER MEETING","9:30 PM","May 9, 2018","1","1",NULL,NULL
"163","PRAYER MEETING","11:30 PM","May 9, 2018","1","1",NULL,NULL
"164","PRAYER MEETING","4:30 AM","May 10, 2018","1","1",NULL,NULL
"165","PRAYER MEETING","6:30 AM","May 10, 2018","1","1",NULL,NULL
"166","PRAYER MEETING","8:30 AM","May 10, 2018","1","1",NULL,NULL
"167","PRAYER MEETING","10:30 AM","May 10, 2018","1","1",NULL,NULL
"168","PRAYER MEETING","12:30 PM","May 10, 2018","1","1",NULL,NULL
"169","PRAYER MEETING","2:30 PM","May 10, 2018","1","1",NULL,NULL
"170","PRAYER MEETING","5:30 PM","May 10, 2018","1","1",NULL,NULL
"171","PRAYER MEETING","7:30 PM","May 10, 2018","1","1",NULL,NULL
"172","PRAYER MEETING","9:30 PM","May 10, 2018","1","1",NULL,NULL
"173","PRAYER MEETING","11:30 PM","May 10, 2018","1","1",NULL,NULL
"174","WORSHIP SERVICE","4:30 AM","May 12, 2018","1","1",NULL,NULL
"175","WORSHIP SERVICE","6:30 AM","May 12, 2018","1","1",NULL,NULL
"176","WORSHIP SERVICE","8:30 AM","May 12, 2018","1","1",NULL,NULL
"177","WORSHIP SERVICE","10:30 AM","May 12, 2018","1","1",NULL,NULL
"178","WORSHIP SERVICE","12:30 PM","May 12, 2018","1","1",NULL,NULL
"179","WORSHIP SERVICE","2:30 PM","May 12, 2018","1","1",NULL,NULL
"180","WORSHIP SERVICE","5:30 PM","May 12, 2018","1","1",NULL,NULL
"181","WORSHIP SERVICE","7:30 PM","May 12, 2018","1","1",NULL,NULL
"182","WORSHIP SERVICE","9:30 PM","May 12, 2018","1","1",NULL,NULL
"183","WORSHIP SERVICE","11:30 PM","May 12, 2018","1","1",NULL,NULL
"184","THANKSGIVING","6:00 AM","May 13, 2018","1","1",NULL,NULL
"185","WORSHIP SERVICE","2:30 PM","May 13, 2018","1","1",NULL,NULL
"186","THANKSGIVING","5:30 PM","May 13, 2018","1","1",NULL,NULL
"187","PRAYER MEETING","8:30 AM","May 16, 2018","1","1",NULL,NULL
"188","PRAYER MEETING","5:30 PM","May 16, 2018","1","1",NULL,NULL
"189","PRAYER MEETING","7:30 PM","May 16, 2018","1","1",NULL,NULL
"190","PRAYER MEETING","9:30 PM","May 16, 2018","1","1",NULL,NULL
"191","WORSHIP SERVICE","4:30 AM","May 19, 2018","1","1",NULL,NULL
"192","WORSHIP SERVICE","6:30 AM","May 19, 2018","1","1",NULL,NULL
"193","WORSHIP SERVICE","8:30 AM","May 19, 2018","1","1",NULL,NULL
"194","WORSHIP SERVICE","10:30 AM","May 19, 2018","1","1",NULL,NULL
"195","WORSHIP SERVICE","5:30 PM","May 19, 2018","1","1",NULL,NULL
"197","WORSHIP SERVICE","7:30 PM","May 19, 2018","1","1",NULL,NULL
"198","WORSHIP SERVICE","9:30 PM","May 19, 2018","1","1",NULL,NULL
"199","WORSHIP SERVICE","11:30 PM","May 19, 2018","1","1",NULL,NULL
"200","THANKSGIVING","6:00 AM","May 20, 2018","1","1",NULL,NULL
"201","WORSHIP SERVICE","2:30 PM","May 20, 2018","1","1",NULL,NULL
"202","THANKSGIVING","5:30 PM","May 20, 2018","1","1",NULL,NULL
"203","THANKSGIVING","8:30 AM","May 21, 2018","1","1",NULL,NULL
"204","THANKSGIVING","8:30 AM","May 22, 2018","1","1",NULL,NULL
"205","PRAYER MEETING","4:30 AM","May 23, 2018","1","1",NULL,NULL
"206","PRAYER MEETING","6:30 AM","May 23, 2018","1","1",NULL,NULL
"207","PRAYER MEETING","8:30 AM","May 23, 2018","1","1",NULL,NULL
"208","PRAYER MEETING","10:30 AM","May 23, 2018","1","1",NULL,NULL
"209","PRAYER MEETING","12:30 PM","May 23, 2018","1","1",NULL,NULL
"210","PRAYER MEETING","2:30 PM","May 23, 2018","1","1",NULL,NULL
"211","PRAYER MEETING","5:30 PM","May 23, 2018","1","1",NULL,NULL
"212","PRAYER MEETING","7:30 PM","May 23, 2018","1","1",NULL,NULL
"213","PRAYER MEETING","9:30 PM","May 23, 2018","1","1",NULL,NULL
"214","PRAYER MEETING","11:30 PM","May 23, 2018","1","1",NULL,NULL
"215","PRAYER MEETING","4:30 AM","May 24, 2018","1","1",NULL,NULL
"216","PRAYER MEETING","6:30 AM","May 24, 2018","1","1",NULL,NULL
"217","PRAYER MEETING","8:30 AM","May 24, 2018","1","1",NULL,NULL
"218","PRAYER MEETING","10:30 AM","May 24, 2018","1","1",NULL,NULL
"219","PRAYER MEETING","12:30 PM","May 24, 2018","1","1",NULL,NULL
"220","PRAYER MEETING","2:30 PM","May 24, 2018","1","1",NULL,NULL
"221","PRAYER MEETING","5:30 PM","May 24, 2018","1","1",NULL,NULL
"222","PRAYER MEETING","7:30 PM","May 24, 2018","1","1",NULL,NULL
"223","PRAYER MEETING","9:30 PM","May 24, 2018","1","1",NULL,NULL
"224","PRAYER MEETING","11:30 PM","May 24, 2018","1","1",NULL,NULL
"225","THANKSGIVING","8:30 AM","May 25, 2018","1","1",NULL,NULL
"226","WORSHIP SERVICE","4:30 AM","May 26, 2018","1","1",NULL,NULL
"227","WORSHIP SERVICE","6:30 AM","May 26, 2018","1","1",NULL,NULL
"228","WORSHIP SERVICE","8:30 AM","May 26, 2018","1","1",NULL,NULL
"229","WORSHIP SERVICE","10:30 AM","May 26, 2018","1","1",NULL,NULL
"230","WORSHIP SERVICE","12:30 PM","May 26, 2018","1","1",NULL,NULL
"231","WORSHIP SERVICE","2:30 PM","May 26, 2018","1","1",NULL,NULL
"232","WORSHIP SERVICE","5:30 PM","May 26, 2018","1","1",NULL,NULL
"233","WORSHIP SERVICE","7:30 PM","May 26, 2018","1","1",NULL,NULL
"234","WORSHIP SERVICE","9:30 PM","May 26, 2018","1","1",NULL,NULL
"235","WORSHIP SERVICE","11:30 PM","May 26, 2018","1","1",NULL,NULL
"236","THANKSGIVING","6:00 AM","May 27, 2018","1","1",NULL,NULL
"237","WORSHIP SERVICE","2:30 PM","May 27, 2018","1","1",NULL,NULL
"238","THANKSGIVING","5:30 PM","May 27, 2018","1","1",NULL,NULL
"239","PRAYER MEETING","8:30 AM","May 30, 2018","1","1",NULL,NULL
"240","PRAYER MEETING","10:30 AM","May 30, 2018","1","1",NULL,NULL
"241","PRAYER MEETING","5:30 PM","May 30, 2018","1","1",NULL,NULL
"242","PRAYER MEETING","7:30 PM","May 30, 2018","1","1",NULL,NULL
"243","PRAYER MEETING","9:30 PM","May 30, 2018","1","1",NULL,NULL
"244","PRAYER MEETING","4:30 AM","May 31, 2018","1","1",NULL,NULL
"245","PRAYER MEETING","6:30 AM","May 31, 2018","1","1",NULL,NULL
"246","PRAYER MEETING","8:30 AM","May 31, 2018","1","1",NULL,NULL
"247","PRAYER MEETING","10:30 AM","May 31, 2018","1","1",NULL,NULL
"248","PRAYER MEETING","12:30 PM","May 31, 2018","1","1",NULL,NULL
"249","PRAYER MEETING","2:30 PM","May 31, 2018","1","1",NULL,NULL
"250","PRAYER MEETING","5:30 PM","May 31, 2018","1","1",NULL,NULL
"251","PRAYER MEETING","7:30 PM","May 31, 2018","1","1",NULL,NULL
"252","PRAYER MEETING","9:30 PM","May 31, 2018","1","1",NULL,NULL
"253","PRAYER MEETING","11:30 PM","May 31, 2018","1","1",NULL,NULL
"254","WORSHIP SERVICE","4:30 AM","June 2, 2018","1","1",NULL,NULL
"255","WORSHIP SERVICE","6:30 AM","June 2, 2018","1","1",NULL,NULL
"256","WORSHIP SERVICE","8:30 AM","June 2, 2018","1","1",NULL,NULL
"257","WORSHIP SERVICE","10:30 AM","June 2, 2018","1","1",NULL,NULL
"258","WORSHIP SERVICE","12:30 PM","June 2, 2018","1","1",NULL,NULL
"259","WORSHIP SERVICE","2:30 PM","June 2, 2018","1","1",NULL,NULL
"260","WORSHIP SERVICE","5:30 PM","June 2, 2018","1","1",NULL,NULL
"261","WORSHIP SERVICE","7:30 PM","June 2, 2018","1","1",NULL,NULL
"262","WORSHIP SERVICE","9:30 PM","June 2, 2018","1","1",NULL,NULL
"263","WORSHIP SERVICE","11:30 PM","June 2, 2018","1","1",NULL,NULL
"264","THANKSGIVING","6:00 AM","June 3, 2018","1","1",NULL,NULL
"265","WORSHIP SERVICE","2:30 PM","June 3, 2018","1","1",NULL,NULL
"266","THANKSGIVING","5:30 PM","June 3, 2018","1","1",NULL,NULL
"267","SPECIAL PRAYER MEETING","5:30 PM","June 5, 2018","1","1",NULL,NULL
"268","SPM","4:30 AM","June 6, 2018","1","1",NULL,NULL
"269","SPM","9:00 AM","June 6, 2018","1","1",NULL,NULL
"270","SPM","5:30 PM","June 6, 2018","1","1",NULL,NULL
"271","SPM","10:00 PM","June 6, 2018","1","1",NULL,NULL
"272","SPM","4:30 AM","June 7, 2018","1","1",NULL,NULL
"273","SPM","9:00 AM","June 7, 2018","1","1",NULL,NULL
"274","SPM","5:30 PM","June 7, 2018","1","1",NULL,NULL
"275","SPM","10:00 PM","June 7, 2018","1","1",NULL,NULL
"276","WORSHIP SERVICE","5:30 PM","June 9, 2018","1","1",NULL,NULL
"277","WORSHIP SERVICE","7:30 PM","June 9, 2018","1","1",NULL,NULL
"278","THANKSGIVING","6:00 AM","June 10, 2018","1","1",NULL,NULL
"279","THANKSGIVING","5:30 PM","June 10, 2018","1","1",NULL,NULL
"280","WORSHIP SERVICE","2:30 PM","June 10, 2018","1","1",NULL,NULL
"281","PRAYER MEETING","2:30 PM","June 13, 2018","1","1",NULL,NULL
"282","PRAYER MEETING","5:30 PM","June 13, 2018","1","1",NULL,NULL
"283","PRAYER MEETING","7:30 PM","June 13, 2018","1","1",NULL,NULL
"284","PRAYER MEETING","9:30 PM","June 13, 2018","1","1",NULL,NULL
"285","PRAYER MEETING","11:30 PM","June 13, 2018","1","1",NULL,NULL
"286","PRAYER MEETING","4:30 AM","June 14, 2018","1","1",NULL,NULL
"287","PRAYER MEETING","6:30 AM","June 14, 2018","1","1",NULL,NULL
"288","PRAYER MEETING","8:30 AM","June 14, 2018","1","1",NULL,NULL
"289","PRAYER MEETING","10:30 AM","June 14, 2018","1","1",NULL,NULL
"290","PRAYER MEETING","12:30 PM","June 14, 2018","1","1",NULL,NULL
"291","PRAYER MEETING","2:30 PM","June 14, 2018","1","1",NULL,NULL
"294","PRAYER MEETING","5:30 PM","June 14, 2018","1","1",NULL,NULL
"295","PRAYER MEETING","7:30 PM","June 14, 2018","1","1",NULL,NULL
"296","PRAYER MEETING","9:30 PM","June 14, 2018","1","1",NULL,NULL
"297","PRAYER MEETING","11:30 PM","June 14, 2018","1","1",NULL,NULL
"298","WORSHIP SERVICE","4:30 AM","June 16, 2018","1","1",NULL,NULL
"299","WORSHIP SERVICE","6:30 AM","June 16, 2018","1","1",NULL,NULL
"300","WORSHIP SERVICE","8:30 AM","June 16, 2018","1","1",NULL,NULL
"301","WORSHIP SERVICE","10:30 AM","June 16, 2018","1","1",NULL,NULL
"302","WORSHIP SERVICE","12:30 PM","June 16, 2018","1","1",NULL,NULL
"303","WORSHIP SERVICE","2:30 PM","June 16, 2018","1","1",NULL,NULL
"304","WORSHIP SERVICE","5:30 PM","June 16, 2018","1","1",NULL,NULL
"305","WORSHIP SERVICE","7:30 PM","June 16, 2018","1","1",NULL,NULL
"306","WORSHIP SERVICE","9:30 PM","June 16, 2018","1","1",NULL,NULL
"307","WORSHIP SERVICE","11:30 PM","June 16, 2018","1","1",NULL,NULL
"308","THANKSGIVING","6:00 AM","June 17, 2018","1","1",NULL,NULL
"309","WORSHIP SERVICE","2:30 PM","June 17, 2018","1","1",NULL,NULL
"310","THANKSGIVING","5:30 PM","June 17, 2018","1","1",NULL,NULL
"311","PRAYER MEETING","8:30 AM","June 13, 2018","1","1",NULL,NULL
"312","THANKSGIVING","6:00 AM","June 24, 2018","1","1",NULL,NULL
"313","WORSHIP SERVICE","2:30 PM","June 24, 2018","1","1",NULL,NULL
"314","THANKSGIVING","5:30 PM","June 24, 2018","1","1",NULL,NULL
"315","THANKSGIVING","8:30 AM","June 25, 2018","1","1",NULL,NULL
"316","THANKSGIVING","8:30 AM","June 26, 2018","1","1",NULL,NULL
"317","PRAYER MEETING","4:30 AM","June 27, 2018","1","1",NULL,NULL
"318","PRAYER MEETING","6:30 AM","June 27, 2018","1","1",NULL,NULL
"319","PRAYER MEETING","8:30 AM","June 27, 2018","1","1",NULL,NULL
"320","PRAYER MEETING","10:30 AM","June 27, 2018","1","1",NULL,NULL
"321","PRAYER MEETING","12:30 PM","June 27, 2018","1","1",NULL,NULL
"322","PRAYER MEETING","2:30 PM","June 27, 2018","1","1",NULL,NULL
"323","PRAYER MEETING","5:30 PM","June 27, 2018","1","1",NULL,NULL
"324","PRAYER MEETING","7:30 PM","June 27, 2018","1","1",NULL,NULL
"325","PRAYER MEETING","9:30 PM","June 27, 2018","1","1",NULL,NULL
"326","PRAYER MEETING","11:30 PM","June 27, 2018","1","1",NULL,NULL
"327","PRAYER MEETING","4:30 AM","June 28, 2018","1","1",NULL,NULL
"328","PRAYER MEETING","6:30 AM","June 28, 2018","1","1",NULL,NULL
"329","PRAYER MEETING","8:30 AM","June 28, 2018","1","1",NULL,NULL
"330","PRAYER MEETING","10:30 AM","June 28, 2018","1","1",NULL,NULL
"331","PRAYER MEETING","12:30 PM","June 28, 2018","1","1",NULL,NULL
"332","PRAYER MEETING","2:30 PM","June 28, 2018","1","1",NULL,NULL
"333","PRAYER MEETING","5:30 PM","June 28, 2018","1","1",NULL,NULL
"334","PRAYER MEETING","7:30 PM","June 28, 2018","1","1",NULL,NULL
"335","PRAYER MEETING","9:30 PM","June 28, 2018","1","1",NULL,NULL
"336","PRAYER MEETING","11:30 PM","June 28, 2018","1","1",NULL,NULL
"337","THANKSGIVING","8:30 AM","June 29, 2018","1","1",NULL,NULL
"338","WORSHIP SERVICE","4:30 AM","June 30, 2018","1","1",NULL,NULL
"339","WORSHIP SERVICE","6:30 AM","June 30, 2018","1","1",NULL,NULL
"340","WORSHIP SERVICE","8:30 AM","June 30, 2018","1","1",NULL,NULL
"341","WORSHIP SERVICE","10:30 AM","June 30, 2018","1","1",NULL,NULL
"342","WORSHIP SERVICE","12:30 PM","June 30, 2018","1","1",NULL,NULL
"343","WORSHIP SERVICE","2:30 PM","June 30, 2018","1","1",NULL,NULL
"344","WORSHIP SERVICE","5:30 PM","June 30, 2018","1","1",NULL,NULL
"345","WORSHIP SERVICE","7:30 PM","June 30, 2018","1","1",NULL,NULL
"346","WORSHIP SERVICE","9:30 PM","June 30, 2018","1","1",NULL,NULL
"347","WORSHIP SERVICE","11:30 PM","June 30, 2018","1","1",NULL,NULL
"348","THANKSGIVING","6:00 AM","July 1, 2018","1","1",NULL,NULL
"349","WORSHIP SERVICE","2:30 PM","July 1, 2018","1","1",NULL,NULL
"350","THANKSGIVING","5:30 PM","July 1, 2018","1","1",NULL,NULL
"351","COMBINED PM&WS","5:30 PM","July 4, 2018","1","1",NULL,NULL
"352","COMBINEDPM&WS","7:30 PM","July 4, 2018","1","1","2018-07-04 17:28:15",NULL
"353","COMBINED PM&WS","9:30 PM","July 4, 2018","1","1",NULL,NULL
"354","COMBINED PM&WS","11:30 PM","July 4, 2018","1","1",NULL,NULL
"355","COMBINED PM&WS","4:30 AM","July 5, 2018","1","1",NULL,NULL
"356","COMBINED PM&WS","6:30 AM","July 5, 2018","1","1",NULL,NULL
"357","COMBINED PM&WS","8:30 AM","July 5, 2018","1","1",NULL,NULL
"358","COMBINED PM&WS","10:30 AM","July 5, 2018","1","1",NULL,NULL
"359","COMBINED PM&WS","12:30 PM","July 5, 2018","1","1",NULL,NULL
"360","COMBINED PM&WS","2:30 PM","July 5, 2018","1","1",NULL,NULL
"361","COMBINED PM&WS","5:30 PM","July 5, 2018","1","1",NULL,NULL
"362","COMBINED PM&WS","7:30 PM","July 5, 2018","1","1",NULL,NULL
"363","COMBINED PM&WS","9:30 PM","July 5, 2018","1","1",NULL,NULL
"364","COMBINED PM&WS","11:30 PM","July 5, 2018","1","1",NULL,NULL
"365","SPBB Day 1","6:00 AM","July 6, 2018","1","1",NULL,NULL
"366","SPBB Day 2","6:00 AM","July 7, 2018","1","1",NULL,NULL
"367","SPBB Day 3","6:00 AM","July 8, 2018","1","1",NULL,NULL
"368","PRAYER MEETING","4:30 AM","July 11, 2018","1","1",NULL,NULL
"369","PRAYER MEETING","6:30 AM","July 11, 2018","1","1",NULL,NULL
"370","PRAYER MEETING","8:30 AM","July 11, 2018","1","1",NULL,NULL
"371","PRAYER MEETING","10:30 AM","July 11, 2018","1","1",NULL,NULL
"372","PRAYER MEETING","12:30 PM","July 11, 2018","1","1",NULL,NULL
"373","PRAYER MEETING","2:30 PM","July 11, 2018","1","1",NULL,NULL
"374","PRAYER MEETING","5:30 PM","July 11, 2018","1","1",NULL,NULL
"375","PRAYER MEETING","7:30 PM","July 11, 2018","1","1",NULL,NULL
"376","PRAYER MEETING","9:30 PM","July 11, 2018","1","1",NULL,NULL
"377","PRAYER MEETING","11:30 PM","July 11, 2018","1","1",NULL,NULL
"378","PRAYER MEETING","1:30 AM","July 12, 2018","1","1",NULL,NULL
"379","PRAYER MEETING","4:30 AM","July 12, 2018","1","1",NULL,NULL
"380","PRAYER MEETING","6:30 AM","July 12, 2018","1","1",NULL,NULL
"381","PRAYER MEETING","8:30 AM","July 12, 2018","1","1",NULL,NULL
"382","PRAYER MEETING","10:30 AM","July 12, 2018","1","1",NULL,NULL
"383","PRAYER MEETING","12:30 PM","July 12, 2018","1","1",NULL,NULL
"384","PRAYER MEETING","2:30 PM","July 12, 2018","1","1",NULL,NULL
"385","PRAYER MEETING","5:30 PM","July 12, 2018","1","1",NULL,NULL
"386","PRAYER MEETING","7:30 PM","July 12, 2018","1","1",NULL,NULL
"387","PRAYER MEETING","9:30 PM","July 12, 2018","1","1",NULL,NULL
"388","PRAYER MEETING","11:30 PM","July 12, 2018","1","1",NULL,NULL
"389","WORSHIP SERVICE","4:30 AM","July 14, 2018","1","1",NULL,NULL
"390","WORSHIP SERVICE","6:30 AM","July 14, 2018","1","1",NULL,NULL
"391","WORSHIP SERVICE","8:30 AM","July 14, 2018","1","1",NULL,NULL
"392","WORSHIP SERVICE","10:30 AM","July 14, 2018","1","1",NULL,NULL
"393","WORSHIP SERVICE","12:30 PM","July 14, 2018","1","1",NULL,NULL
"394","WORSHIP SERVICE","2:30 PM","July 14, 2018","1","1",NULL,NULL
"395","WORSHIP SERVICE","5:30 PM","July 14, 2018","1","1",NULL,NULL
"396","WORSHIP SERVICE","7:30 PM","July 14, 2018","1","1",NULL,NULL
"397","WORSHIP SERVICE","9:30 PM","July 14, 2018","1","1",NULL,NULL
"398","WORSHIP SERVICE","11:30 PM","July 14, 2018","1","1",NULL,NULL
"399","THANKSGIVING","6:00 AM","July 15, 2018","1","1",NULL,NULL
"400","WORSHIP SERVICE","2:30 PM","July 15, 2018","1","1",NULL,NULL
"401","THANKSGIVING","5:30 PM","July 15, 2018","1","1",NULL,NULL
"402","PRAYER MEETING","4:30 AM","July 18, 2018","1","1",NULL,NULL
"403","PRAYER MEETING","6:30 AM","July 18, 2018","1","1",NULL,NULL
"404","PRAYER MEETING","8:30 AM","July 18, 2018","1","1",NULL,NULL
"405","PRAYER MEETING","10:30 AM","July 18, 2018","1","1",NULL,NULL
"406","PRAYER MEETING","12:30 PM","July 18, 2018","1","1",NULL,NULL
"407","PRAYER MEETING","2:30 PM","July 18, 2018","1","1",NULL,NULL
"408","PRAYER MEETING","5:30 PM","July 18, 2018","1","1",NULL,NULL
"409","PRAYER MEETING","7:30 PM","July 18, 2018","1","1",NULL,NULL
"410","PRAYER MEETING","9:30 PM","July 18, 2018","1","1",NULL,NULL
"411","PRAYER MEETING","11:30 PM","July 18, 2018","1","1",NULL,NULL
"412","PRAYER MEETING","1:30 AM","July 19, 2018","1","1",NULL,NULL
"413","PRAYER MEETING","4:30 AM","July 19, 2018","1","1",NULL,NULL
"414","PRAYER MEETING","6:30 AM","July 19, 2018","1","1",NULL,NULL
"415","PRAYER MEETING","8:30 AM","July 19, 2018","1","1",NULL,NULL
"416","PRAYER MEETING","10:30 AM","July 19, 2018","1","1",NULL,NULL
"417","PRAYER MEETING","12:30 PM","July 19, 2018","1","1",NULL,NULL
"418","PRAYER MEETING","2:30 PM","July 19, 2018","1","1",NULL,NULL
"419","PRAYER MEETING","5:30 PM","July 19, 2018","1","1",NULL,NULL
"420","PRAYER MEETING","7:30 PM","July 19, 2018","1","1",NULL,NULL
"421","PRAYER MEETING","9:30 PM","July 19, 2018","1","1",NULL,NULL
"422","PRAYER MEETING","11:30 PM","July 19, 2018","1","1",NULL,NULL
"423","WORSHIP SERVICE","4:30 AM","July 21, 2018","1","1",NULL,NULL
"424","WORSHIP SERVICE","6:30 AM","July 21, 2018","1","1",NULL,NULL
"425","WORSHIP SERVICE","8:30 AM","July 21, 2018","1","1",NULL,NULL
"426","WORSHIP SERVICE","10:30 AM","July 21, 2018","1","1",NULL,NULL
"427","WORSHIP SERVICE","12:30 PM","July 21, 2018","1","1",NULL,NULL
"428","WORSHIP SERVICE","2:30 PM","July 21, 2018","1","1",NULL,NULL
"429","WORSHIP SERVICE","5:30 PM","July 21, 2018","1","1",NULL,NULL
"430","WORSHIP SERVICE","7:30 PM","July 21, 2018","1","1",NULL,NULL
"431","WORSHIP SERVICE","9:30 PM","July 21, 2018","1","1",NULL,NULL
"432","WORSHIP SERVICE","11:30 PM","July 21, 2018","1","1",NULL,NULL
"433","THANKSGIVING","6:00 AM","July 22, 2018","1","1",NULL,NULL
"434","WORSHIP SERVICE","2:30 PM","July 22, 2018","1","1",NULL,NULL
"435","THANKSGIVING","5:30 PM","July 22, 2018","1","1",NULL,NULL
"436","PRAYER MEETING","8:30 AM","July 25, 2018","1","1",NULL,NULL
"437","PRAYER MEETING","10:30 AM","July 25, 2018","1","1",NULL,NULL
"438","PRAYER MEETING","12:30 PM","July 25, 2018","1","1",NULL,NULL
"439","PRAYER MEETING","2:30 PM","July 25, 2018","1","1",NULL,NULL
"440","PRAYER MEETING","10:30 PM","July 25, 2018","1","1",NULL,NULL
"441","PRAYER MEETING","4:30 AM","July 26, 2018","1","1",NULL,NULL
"442","PRAYER MEETING","6:30 AM","July 26, 2018","1","1",NULL,NULL
"443","PRAYER MEETING","8:30 AM","July 26, 2018","1","1",NULL,NULL
"444","PRAYER MEETING","9:30 AM","July 26, 2018","1","1",NULL,NULL
"445","PRAYER MEETING","10:30 AM","July 26, 2018","1","1",NULL,NULL
"446","PRAYER MEETING","12:30 PM","July 26, 2018","1","1",NULL,NULL
"447","PRAYER MEETING","2:30 PM","July 26, 2018","1","1",NULL,NULL
"448","PRAYER MEETING","9:30 PM","July 26, 2018","1","1",NULL,NULL
"449","WORSHIP SERVICE","4:30 AM","July 28, 2018","1","1",NULL,NULL
"450","WORSHIP SERVICE","6:30 AM","July 28, 2018","1","1",NULL,NULL
"451","WORSHIP SERVICE","8:30 AM","July 28, 2018","1","1",NULL,NULL
"452","WORSHIP SERVICE","10:30 AM","July 28, 2018","1","1",NULL,NULL
"454","WORSHIP SERVICE","12:30 PM","July 28, 2018","1","1",NULL,NULL
"455","WORSHIP SERVICE","2:30 PM","July 28, 2018","1","1",NULL,NULL
"456","WORSHIP SERVICE","5:30 PM","July 28, 2018","1","1",NULL,NULL
"457","WORSHIP SERVICE","7:30 PM","July 28, 2018","1","1",NULL,NULL
"458","WORSHIP SERVICE","9:30 PM","July 28, 2018","1","1",NULL,NULL
"459","WORSHIP SERVICE","11:30 PM","July 28, 2018","1","1",NULL,NULL
"460","THANKSGIVING","6:00 AM","July 29, 2018","1","1",NULL,NULL
"461","WORSHIP SERVICE","2:30 PM","July 29, 2018","1","1",NULL,NULL
"462","THANKSGIVING","5:30 PM","July 29, 2018","1","1",NULL,NULL
"463","THANKSGIVING","8:30 AM","July 30, 2018","1","1",NULL,NULL
"464","THANKSGIVING","8:30 AM","July 31, 2018","1","1",NULL,NULL
"465","Prayer Meeting","4:30 AM","August 1, 2018","1","1",NULL,NULL
"466","Prayer Meeting","6:30 AM","August 1, 2018","1","1",NULL,NULL
"467","Prayer Meeting","8:30 AM","August 1, 2018","1","1",NULL,NULL
"468","Prayer Meeting","10:30 AM","August 1, 2018","1","1",NULL,NULL
"469","Prayer Meeting","12:30 PM","August 1, 2018","1","1",NULL,NULL
"470","Prayer Meeting","2:30 PM","August 1, 2018","1","1",NULL,NULL
"471","Prayer Meeting","5:30 PM","August 1, 2018","1","1",NULL,NULL
"472","Prayer Meeting","7:30 PM","August 1, 2018","1","1",NULL,NULL
"473","Prayer Meeting","9:30 PM","August 1, 2018","1","1",NULL,NULL
"474","Prayer Meeting","11:30 PM","August 1, 2018","1","1",NULL,NULL
"475","Prayer Meeting","4:30 AM","August 2, 2018","1","1",NULL,NULL
"476","Prayer Meeting","6:30 AM","August 2, 2018","1","1",NULL,NULL
"477","Prayer Meeting","8:30 AM","August 2, 2018","1","1",NULL,NULL
"478","Prayer Meeting","10:30 AM","August 2, 2018","1","1",NULL,NULL
"479","Prayer Meeting","12:30 PM","August 2, 2018","1","1",NULL,NULL
"480","Prayer Meeting","2:30 PM","August 2, 2018","1","1",NULL,NULL
"481","Prayer Meeting","5:30 PM","August 2, 2018","1","1",NULL,NULL
"482","Prayer Meeting","7:30 PM","August 2, 2018","1","1",NULL,NULL
"483","Prayer Meeting","9:30 PM","August 2, 2018","1","1",NULL,NULL
"484","Prayer Meeting","11:30 PM","August 2, 2018","1","1",NULL,NULL
"485","Worship Service","4:30 AM","August 4, 2018","1","1",NULL,NULL
"486","Worship Service","6:30 AM","August 4, 2018","1","1",NULL,NULL
"487","Worship Service","8:30 AM","August 4, 2018","1","1",NULL,NULL
"488","Worship Service","10:30 AM","August 4, 2018","1","1",NULL,NULL
"489","Worship Service","12:30 PM","August 4, 2018","1","1",NULL,NULL
"490","Worship Service","2:30 PM","August 4, 2018","1","1",NULL,NULL
"491","Worship Service","5:30 PM","August 4, 2018","1","1",NULL,NULL
"492","Worship Service","7:30 PM","August 4, 2018","1","1",NULL,NULL
"493","Worship Service","9:30 PM","August 4, 2018","1","1",NULL,NULL
"494","Worship Service","11:30 PM","August 4, 2018","1","1",NULL,NULL
"495","THANKSGIVING","6:00 AM","August 5, 2018","1","1",NULL,NULL
"496","Worship Service","2:30 PM","August 5, 2018","1","1",NULL,NULL
"497","THANKSGIVING","5:30 PM","August 5, 2018","1","1",NULL,NULL
"498","SPM","5:30 PM","August 7, 2018","1","1",NULL,NULL
"499","SPM","5:30 PM","August 8, 2018	","1","1","2018-08-08 18:06:21","2018-08-08 18:06:21"
"500","SPM","9:30 PM","August 8, 2018	","1","1","2018-08-08 18:06:46","2018-08-08 18:06:46"
